<?xml version="1.0" encoding="UTF-8"?>
<beans xmlns="http://www.springframework.org/schema/beans"
	xmlns:xsi="http://www.w3.org/2001/XMLSchema-instance"
	xsi:schemaLocation="http://www.springframework.org/schema/beans
        https://www.springframework.org/schema/beans/spring-beans.xsd">

	<bean id="dateFormatter" class="java.text.SimpleDateFormat">
		<constructor-arg value="dd-MM-yyyy" />
	</bean>

	<bean id="movie1" class="com.cognizant.finalcheck.model.Movies">
		<property name="id" value="1" />
		<property name="title" value="Avatar" />
		<property name="boxOffice" value="2787965087" />
		<property name="active" value="true" />
		<property name="dateOfLaunch">
			<bean factory-bean="dateFormatter" factory-method="parse">
				<constructor-arg value="15-03-2017" />
			</bean>
		</property>
		<property name="genre" value="Science Fiction" />
		<property name="hasTeaser" value="true" />
		<property name="url"
			value="https://cdn11.bigcommerce.com/s-xiguxu0y8i/images/stencil/1280x1280/products/5573/11115/2FoBvF7__44668.1554821742.jpg" />
	</bean>
	<bean id="movie2" class="com.cognizant.finalcheck.model.Movies">
		<property name="id" value="2" />
		<property name="title" value="The Avengers" />
		<property name="boxOffice" value="1518812988" />
		<property name="active" value="true" />
		<property name="dateOfLaunch">
			<bean factory-bean="dateFormatter" factory-method="parse">
				<constructor-arg value="23-12-2017" />
			</bean>
		</property>
		<property name="genre" value="Superhero" />
		<property name="hasTeaser" value="false" />
		<property name="url"
			value="https://www.sentinelassam.com/wp-content/uploads/2019/03/Avengers-1280x720.jpg" />
	</bean>
	<bean id="movie3" class="com.cognizant.finalcheck.model.Movies">
		<property name="id" value="3" />
		<property name="title" value="Titanic" />
		<property name="boxOffice" value="2187463944" />
		<property name="active" value="true" />
		<property name="dateOfLaunch">
			<bean factory-bean="dateFormatter" factory-method="parse">
				<constructor-arg value="21-08-2017" />
			</bean>
		</property>
		<property name="genre" value="Romance" />
		<property name="hasTeaser" value="false" />
		<property name="url"
			value="https://i.ytimg.com/vi/nOQD77yMFhE/maxresdefault.jpg" />
	</bean>
	<bean id="movie4" class="com.cognizant.finalcheck.model.Movies">
		<property name="id" value="4" />
		<property name="title" value="Jurassic World" />
		<property name="boxOffice" value="1671713208" />
		<property name="active" value="false" />
		<property name="dateOfLaunch">
			<bean factory-bean="dateFormatter" factory-method="parse">
				<constructor-arg value="02-07-2017" />
			</bean>
		</property>
		<property name="genre" value="Science Fiction" />
		<property name="hasTeaser" value="true" />
		<property name="url"
			value="https://i.ytimg.com/vi/nOQD77yMFhE/maxresdefault.jpg" />
	</bean>

	<bean id="movie5" class="com.cognizant.finalcheck.model.Movies">
		<property name="id" value="5" />
		<property name="title" value="Avengers: End Game" />
		<property name="boxOffice" value="2750760348" />
		<property name="active" value="true" />
		<property name="dateOfLaunch">
			<bean factory-bean="dateFormatter" factory-method="parse">
				<constructor-arg value="11-02-2022" />
			</bean>
		</property>
		<property name="genre" value="Dessert" />
		<property name="hasTeaser" value="true" />
		<property name="url"
			value="https://cdn.dnaindia.com/sites/default/files/styles/full/public/2019/04/27/817597-avengers-endgame.jpg" />
	</bean>

	<bean id="moviesList" class="java.util.ArrayList">
		<constructor-arg>
			<list>
				<ref bean="movie1"></ref>
				<ref bean="movie2"></ref>
				<ref bean="movie3"></ref>
				<ref bean="movie4"></ref>
				<ref bean="movie5"></ref>

			</list>
		</constructor-arg>
	</bean>

</beans>